user_id,gender,city,signup_date
101,F,Jaipur,13-12-2023
102,M,Mumbai,24-08-2023
103,M,Mumbai,14-03-2023
104,F,Mumbai,23-08-2023
105,F,Hyderabad,05-12-2023
106,M,Hyderabad,13-10-2023
107,F,Lucknow,06-07-2024
108,F,Ahmedabad,13-08-2024
109,F,Delhi,21-02-2024
110,F,Pune,05-11-2024
111,F,Mumbai,25-02-2024
112,M,Delhi,20-11-2024
113,F,Kolkata,04-03-2023
114,F,Hyderabad,22-04-2023
115,F,Pune,03-07-2024
116,F,Hyderabad,07-07-2023
117,F,Jaipur,19-03-2023
118,F,Jaipur,11-04-2023
119,Other,Hyderabad,16-01-2023
120,F,Ahmedabad,20-06-2023
121,M,Mumbai,07-08-2023
122,F,Pune,18-06-2023
123,M,Ahmedabad,29-09-2023
124,F,Jaipur,20-10-2023
125,M,Bengaluru,08-11-2024
126,F,Mumbai,14-07-2023
127,M,Mumbai,16-08-2024
128,F,Lucknow,18-11-2023
129,M,Jaipur,03-05-2024
130,F,Jaipur,11-06-2023
131,M,Delhi,24-03-2023
132,F,Hyderabad,01-09-2024
133,F,Lucknow,18-02-2024
134,M,Mumbai,10-09-2023
135,F,Lucknow,26-09-2024
136,M,Chennai,01-08-2024
137,M,Kolkata,29-07-2023
138,F,Bengaluru,02-09-2023
139,M,Ahmedabad,18-11-2024
140,M,Delhi,20-11-2023
141,F,Lucknow,10-01-2023
142,F,Hyderabad,13-04-2023
143,F,Kolkata,02-06-2024
144,M,Kolkata,12-03-2023
145,F,Jaipur,19-10-2023
146,F,Jaipur,21-12-2024
147,M,Jaipur,09-01-2023
148,M,Delhi,03-11-2023
149,F,Delhi,18-05-2023
150,F,Chennai,20-07-2024
151,F,Kolkata,11-09-2024
152,M,Chennai,28-07-2023
153,M,Mumbai,01-06-2024
154,M,Chennai,05-04-2023
155,F,Bengaluru,15-02-2023
156,Other,Bengaluru,14-10-2024
157,M,Pune,28-03-2024
158,F,Delhi,28-07-2024
159,M,Jaipur,08-12-2024
160,M,Lucknow,06-02-2023
161,F,Bengaluru,19-07-2024
162,F,Mumbai,12-02-2023
163,F,Hyderabad,02-01-2024
164,F,Jaipur,13-11-2024
165,Other,Bengaluru,21-02-2024
166,M,Bengaluru,31-08-2023
167,F,Kolkata,27-02-2024
168,M,Hyderabad,26-02-2024
169,F,Delhi,01-10-2023
170,M,Ahmedabad,27-01-2024
171,F,Ahmedabad,16-08-2023
172,F,Hyderabad,25-12-2023
173,F,Hyderabad,17-08-2023
174,F,Delhi,13-02-2024
175,F,Jaipur,13-10-2023
176,M,Jaipur,14-02-2024
177,M,Delhi,06-12-2023
178,F,Chennai,25-09-2023
179,F,Pune,09-02-2023
180,M,Kolkata,20-12-2023
181,M,Jaipur,22-03-2024
182,F,Lucknow,29-04-2023
183,F,Pune,14-07-2023
184,M,Jaipur,02-01-2023
185,M,Hyderabad,04-12-2024
186,F,Kolkata,08-01-2024
187,F,Delhi,30-09-2024
188,M,Pune,04-11-2023
189,F,Chennai,01-12-2023
190,F,Pune,21-07-2024
191,M,Bengaluru,11-11-2024
192,M,Pune,22-09-2024
193,M,Chennai,15-07-2024
194,F,Lucknow,21-10-2023
195,M,Ahmedabad,13-09-2024
196,F,Hyderabad,28-03-2024
197,F,Bengaluru,07-06-2024
198,F,Jaipur,05-11-2024
199,M,Kolkata,10-11-2024
200,M,Hyderabad,06-04-2023
201,F,Hyderabad,19-11-2024
202,F,Hyderabad,31-05-2023
203,M,Delhi,01-05-2024
204,F,Lucknow,11-04-2024
205,M,Pune,19-07-2023
206,F,Bengaluru,21-05-2024
207,M,Delhi,02-11-2024
208,F,Jaipur,11-03-2024
209,F,Hyderabad,20-04-2024
210,F,Ahmedabad,05-05-2023
211,M,Jaipur,14-11-2024
212,F,Ahmedabad,01-09-2024
213,M,Jaipur,19-09-2024
214,M,Jaipur,12-03-2024
215,M,Ahmedabad,01-04-2024
216,F,Hyderabad,05-04-2024
217,F,Jaipur,14-10-2024
218,M,Chennai,11-05-2024
219,F,Chennai,26-03-2024
220,F,Kolkata,29-08-2023
221,F,Bengaluru,07-07-2024
222,F,Bengaluru,25-08-2023
223,F,Pune,24-12-2024
224,F,Ahmedabad,22-02-2024
225,F,Pune,01-03-2024
226,M,Lucknow,03-02-2024
227,F,Lucknow,13-12-2024
228,F,Kolkata,25-01-2024
229,M,Pune,02-11-2023
230,M,Jaipur,05-07-2024
231,M,Ahmedabad,09-09-2024
232,F,Ahmedabad,13-08-2023
233,F,Pune,30-01-2023
234,M,Bengaluru,19-06-2023
235,M,Pune,29-09-2024
236,M,Mumbai,29-08-2024
237,M,Bengaluru,27-03-2023
238,F,Chennai,17-04-2024
239,F,Ahmedabad,24-01-2024
240,F,Pune,01-12-2023
241,M,Pune,12-10-2023
242,M,Ahmedabad,16-09-2023
243,M,Mumbai,20-01-2023
244,F,Delhi,25-12-2023
245,F,Mumbai,29-10-2024
246,F,Mumbai,11-09-2023
247,F,Bengaluru,28-09-2024
248,M,Lucknow,29-04-2024
249,F,Chennai,12-08-2023
250,F,Lucknow,13-01-2024
251,M,Bengaluru,28-04-2023
252,F,Mumbai,15-11-2023
253,M,Pune,16-11-2023
254,M,Hyderabad,11-02-2024
255,M,Hyderabad,19-03-2023
256,M,Chennai,15-04-2023
257,M,Delhi,01-12-2024
258,M,Kolkata,02-08-2024
259,F,Kolkata,29-06-2024
260,M,Kolkata,12-03-2023
261,M,Ahmedabad,13-01-2023
262,F,Kolkata,19-04-2023
263,M,Ahmedabad,12-10-2024
264,F,Bengaluru,25-12-2024
265,Other,Chennai,18-06-2024
266,M,Jaipur,22-09-2024
267,F,Lucknow,10-05-2024
268,F,Hyderabad,02-10-2023
269,F,Ahmedabad,30-03-2023
270,M,Lucknow,07-09-2023
271,M,Kolkata,16-09-2024
272,M,Kolkata,30-01-2023
273,M,Kolkata,06-07-2023
274,F,Lucknow,22-09-2023
275,M,Jaipur,19-12-2024
276,M,Hyderabad,11-01-2023
277,F,Pune,29-03-2023
278,M,Hyderabad,15-05-2024
279,F,Ahmedabad,08-12-2024
280,M,Delhi,03-04-2024
281,F,Hyderabad,29-10-2023
282,M,Kolkata,10-11-2023
283,M,Kolkata,29-04-2024
284,Other,Jaipur,11-03-2024
285,F,Ahmedabad,05-12-2023
286,F,Hyderabad,05-10-2023
287,M,Kolkata,04-05-2023
288,M,Bengaluru,03-05-2023
289,F,Ahmedabad,16-07-2023
290,M,Jaipur,11-10-2023
291,F,Delhi,03-09-2024
292,F,Kolkata,18-07-2023
293,F,Jaipur,03-07-2023
294,F,Mumbai,10-05-2023
295,F,Bengaluru,20-07-2024
296,M,Ahmedabad,15-10-2024
297,M,Lucknow,16-04-2023
298,F,Ahmedabad,19-10-2023
299,F,Mumbai,15-12-2023
300,M,Ahmedabad,16-09-2023
301,M,Pune,27-04-2023
302,F,Mumbai,18-05-2024
303,F,Lucknow,05-06-2023
304,F,Hyderabad,08-11-2023
305,M,Pune,02-05-2023
306,M,Lucknow,12-09-2024
307,M,Pune,20-08-2023
308,M,Chennai,06-04-2024
309,Other,Chennai,25-08-2024
310,M,Lucknow,05-08-2024
311,M,Hyderabad,12-04-2023
312,F,Delhi,02-10-2024
313,F,Jaipur,10-06-2023
314,F,Pune,18-03-2023
315,M,Ahmedabad,06-04-2024
316,F,Chennai,26-10-2023
317,F,Ahmedabad,24-12-2024
318,M,Chennai,14-03-2023
319,M,Hyderabad,02-10-2024
320,F,Hyderabad,11-03-2024
321,F,Chennai,25-10-2024
322,F,Bengaluru,26-05-2023
323,M,Lucknow,11-11-2023
324,F,Ahmedabad,23-10-2023
325,F,Pune,06-12-2024
326,M,Ahmedabad,06-10-2023
327,F,Mumbai,24-03-2024
328,M,Lucknow,18-03-2024
329,F,Hyderabad,14-09-2023
330,M,Lucknow,21-11-2024
331,M,Chennai,24-08-2024
332,F,Bengaluru,13-08-2024
333,M,Ahmedabad,26-04-2024
334,F,Lucknow,12-10-2023
335,M,Ahmedabad,22-03-2024
336,F,Pune,04-04-2023
337,F,Delhi,08-12-2023
338,F,Ahmedabad,14-06-2023
339,M,Pune,23-10-2023
340,F,Delhi,17-07-2024
341,F,Delhi,19-11-2023
342,M,Mumbai,18-02-2024
343,M,Ahmedabad,04-11-2024
344,F,Jaipur,28-02-2024
345,M,Ahmedabad,06-01-2024
346,F,Mumbai,02-10-2024
347,F,Bengaluru,28-07-2023
348,F,Ahmedabad,22-10-2023
349,F,Lucknow,05-05-2023
350,M,Chennai,03-09-2023
351,F,Pune,18-07-2024
352,F,Delhi,06-04-2023
353,M,Bengaluru,17-04-2024
354,M,Chennai,25-05-2024
355,M,Pune,05-06-2024
356,Other,Hyderabad,09-05-2024
357,M,Pune,12-04-2024
358,M,Jaipur,15-07-2023
359,M,Chennai,20-05-2023
360,F,Jaipur,29-02-2024
361,M,Chennai,01-10-2023
362,M,Lucknow,02-11-2023
363,M,Bengaluru,06-11-2024
364,M,Kolkata,02-04-2024
365,M,Jaipur,07-12-2023
366,F,Kolkata,22-01-2024
367,Other,Hyderabad,13-07-2023
368,F,Pune,08-08-2024
369,F,Ahmedabad,14-02-2023
370,M,Pune,23-12-2024
371,Other,Bengaluru,31-01-2024
372,Other,Bengaluru,22-05-2024
373,Other,Kolkata,29-05-2024
374,M,Ahmedabad,13-04-2023
375,M,Ahmedabad,13-04-2023
376,M,Pune,16-01-2023
377,Other,Delhi,01-11-2024
378,M,Chennai,25-04-2024
379,M,Pune,13-12-2023
380,F,Kolkata,27-10-2024
381,M,Pune,21-11-2024
382,M,Ahmedabad,21-11-2023
383,F,Delhi,08-07-2024
384,M,Chennai,29-08-2023
385,M,Pune,21-08-2023
386,M,Delhi,11-04-2023
387,F,Chennai,30-03-2024
388,F,Mumbai,30-01-2023
389,F,Pune,28-10-2023
390,F,Pune,30-05-2023
391,M,Bengaluru,02-08-2024
392,F,Lucknow,24-06-2023
393,M,Hyderabad,27-01-2024
394,M,Bengaluru,24-05-2024
395,F,Chennai,26-08-2023
396,F,Mumbai,15-04-2024
397,M,Jaipur,21-04-2024
398,F,Kolkata,11-06-2023
399,F,Pune,24-08-2024
400,F,Chennai,07-12-2024
401,Other,Ahmedabad,23-07-2023
402,F,Lucknow,20-04-2023
403,M,Chennai,03-01-2024
404,Other,Pune,23-01-2023
405,F,Mumbai,09-10-2023
406,M,Chennai,12-09-2024
407,M,Kolkata,24-08-2023
408,M,Lucknow,13-08-2023
409,M,Bengaluru,14-09-2023
410,F,Mumbai,05-10-2024
411,M,Mumbai,13-11-2023
412,F,Bengaluru,16-08-2024
413,M,Kolkata,03-04-2023
414,F,Bengaluru,01-03-2024
415,M,Kolkata,06-07-2024
416,M,Chennai,27-06-2024
417,F,Ahmedabad,18-06-2023
418,M,Kolkata,30-10-2023
419,F,Delhi,28-04-2023
420,M,Hyderabad,25-05-2023
421,M,Pune,23-11-2024
422,F,Pune,24-07-2024
423,F,Delhi,15-01-2023
424,F,Chennai,10-04-2024
425,F,Kolkata,21-08-2024
426,M,Ahmedabad,21-04-2023
427,M,Jaipur,26-01-2023
428,M,Hyderabad,02-12-2023
429,F,Ahmedabad,25-10-2024
430,F,Pune,18-12-2024
431,F,Mumbai,30-04-2023
432,Other,Delhi,08-11-2023
433,F,Jaipur,10-04-2023
434,F,Kolkata,19-05-2023
435,M,Jaipur,17-11-2024
436,M,Bengaluru,05-03-2024
437,M,Ahmedabad,29-02-2024
438,F,Chennai,22-09-2024
439,M,Hyderabad,03-02-2023
440,F,Hyderabad,30-03-2024
441,F,Kolkata,07-01-2024
442,M,Kolkata,11-07-2024
443,F,Hyderabad,04-03-2023
444,M,Ahmedabad,06-05-2023
445,M,Lucknow,04-04-2023
446,F,Kolkata,22-01-2023
447,Other,Lucknow,07-09-2023
448,F,Jaipur,30-07-2023
449,M,Hyderabad,01-08-2023
450,M,Lucknow,03-12-2023
451,F,Bengaluru,03-01-2023
452,M,Bengaluru,14-05-2023
453,M,Mumbai,23-04-2023
454,F,Hyderabad,15-05-2023
455,F,Bengaluru,25-08-2024
456,F,Pune,29-09-2023
457,F,Delhi,22-06-2024
458,F,Kolkata,02-05-2024
459,M,Ahmedabad,09-06-2024
460,F,Lucknow,30-05-2024
461,M,Jaipur,14-02-2023
462,F,Mumbai,05-11-2023
463,Other,Pune,04-03-2023
464,M,Ahmedabad,12-03-2024
465,M,Delhi,30-12-2024
466,F,Bengaluru,24-03-2023
467,F,Lucknow,09-03-2023
468,M,Kolkata,10-10-2024
469,Other,Jaipur,26-01-2024
470,F,Lucknow,29-10-2023
471,F,Delhi,16-03-2024
472,M,Jaipur,01-11-2024
473,F,Hyderabad,09-08-2023
474,F,Ahmedabad,28-02-2024
475,F,Delhi,13-02-2024
476,F,Chennai,17-11-2023
477,M,Ahmedabad,19-01-2024
478,F,Delhi,10-03-2023
479,F,Kolkata,06-04-2023
480,M,Lucknow,14-05-2023
481,M,Delhi,29-07-2024
482,F,Pune,25-02-2024
483,Other,Lucknow,22-02-2023
484,F,Lucknow,16-11-2023
485,F,Ahmedabad,03-06-2024
486,M,Kolkata,18-08-2023
487,F,Chennai,23-07-2024
488,F,Pune,10-08-2024
489,Other,Lucknow,28-07-2024
490,M,Jaipur,20-09-2024
491,M,Chennai,27-01-2023
492,F,Chennai,30-01-2023
493,F,Bengaluru,14-12-2023
494,M,Pune,27-05-2023
495,F,Mumbai,13-03-2023
496,M,Hyderabad,04-04-2023
497,F,Kolkata,21-01-2024
498,F,Kolkata,11-06-2023
499,M,Mumbai,04-08-2024
500,F,Lucknow,09-06-2023
501,M,Chennai,20-02-2023
502,M,Ahmedabad,29-03-2024
503,F,Chennai,13-09-2024
504,M,Delhi,09-08-2023
505,F,Chennai,20-12-2023
506,M,Ahmedabad,25-11-2024
507,M,Mumbai,23-06-2024
508,F,Lucknow,14-08-2023
509,F,Chennai,26-02-2023
510,M,Chennai,05-08-2023
511,F,Mumbai,24-10-2023
512,M,Bengaluru,24-05-2024
513,F,Hyderabad,13-05-2023
514,M,Kolkata,27-05-2024
515,F,Mumbai,15-03-2023
516,F,Delhi,22-03-2024
517,M,Lucknow,17-11-2023
518,M,Pune,19-02-2024
519,F,Mumbai,24-10-2023
520,F,Lucknow,29-11-2023
521,M,Kolkata,16-04-2024
522,F,Delhi,01-04-2023
523,F,Pune,07-09-2023
524,F,Chennai,20-06-2024
525,F,Bengaluru,14-12-2023
526,M,Delhi,20-03-2023
527,M,Kolkata,27-06-2024
528,M,Bengaluru,26-12-2023
529,F,Chennai,30-08-2023
530,F,Bengaluru,22-07-2023
531,F,Ahmedabad,02-11-2024
532,M,Lucknow,20-04-2024
533,M,Lucknow,04-04-2024
534,M,Lucknow,20-10-2024
535,M,Kolkata,27-11-2023
536,F,Ahmedabad,04-06-2023
537,M,Chennai,28-03-2024
538,F,Jaipur,28-08-2024
539,F,Ahmedabad,17-03-2023
540,F,Chennai,08-02-2023
541,M,Delhi,20-03-2023
542,M,Pune,21-09-2024
543,M,Mumbai,18-04-2024
544,M,Lucknow,05-04-2024
545,F,Lucknow,29-10-2024
546,M,Mumbai,02-05-2024
547,F,Kolkata,06-04-2024
548,M,Bengaluru,28-03-2023
549,F,Ahmedabad,10-02-2023
550,M,Lucknow,25-03-2024
551,F,Chennai,12-06-2023
552,F,Kolkata,01-02-2024
553,M,Kolkata,26-11-2024
554,F,Jaipur,09-03-2023
555,F,Chennai,25-11-2024
556,Other,Lucknow,03-11-2024
557,F,Lucknow,03-06-2023
558,F,Kolkata,10-11-2024
559,Other,Pune,14-11-2023
560,M,Delhi,13-05-2023
561,M,Kolkata,14-11-2023
562,M,Jaipur,11-05-2023
563,M,Pune,06-04-2023
564,F,Kolkata,04-06-2024
565,F,Hyderabad,13-11-2023
566,M,Ahmedabad,16-12-2023
567,F,Bengaluru,16-07-2023
568,F,Delhi,08-06-2023
569,M,Jaipur,03-06-2024
570,M,Lucknow,08-02-2023
571,M,Bengaluru,15-05-2023
572,F,Lucknow,16-06-2023
573,M,Mumbai,19-06-2023
574,F,Hyderabad,25-02-2024
575,M,Ahmedabad,30-03-2024
576,M,Chennai,28-08-2023
577,M,Hyderabad,25-04-2024
578,M,Lucknow,12-01-2024
579,F,Chennai,27-03-2024
580,M,Pune,27-01-2024
581,M,Lucknow,15-06-2023
582,M,Mumbai,22-05-2023
583,M,Kolkata,18-10-2024
584,M,Jaipur,21-07-2024
585,F,Bengaluru,08-05-2023
586,F,Jaipur,07-10-2023
587,M,Delhi,31-05-2023
588,M,Kolkata,16-08-2023
589,F,Pune,28-01-2023
590,F,Pune,29-05-2024
591,F,Mumbai,25-03-2023
592,M,Kolkata,23-11-2023
593,F,Chennai,30-05-2023
594,M,Bengaluru,28-04-2024
595,F,Lucknow,23-12-2024
596,M,Mumbai,06-01-2023
597,F,Bengaluru,20-09-2023
598,M,Lucknow,15-07-2024
599,F,Chennai,24-06-2024
600,F,Mumbai,01-09-2023
601,F,Lucknow,02-09-2023
602,F,Ahmedabad,13-04-2024
603,M,Jaipur,03-09-2024
604,F,Bengaluru,11-08-2024
605,F,Lucknow,26-10-2023
606,F,Pune,28-12-2023
607,M,Delhi,11-07-2023
608,Other,Delhi,20-06-2024
609,M,Jaipur,22-06-2024
610,F,Ahmedabad,21-07-2024
611,M,Kolkata,14-02-2023
612,M,Kolkata,17-09-2023
613,F,Delhi,11-03-2023
614,M,Kolkata,18-08-2024
615,F,Jaipur,17-05-2023
616,M,Bengaluru,13-12-2023
617,F,Ahmedabad,02-12-2024
618,F,Bengaluru,08-10-2024
619,M,Ahmedabad,06-03-2023
620,F,Mumbai,07-02-2023
621,M,Kolkata,24-07-2023
622,M,Jaipur,14-11-2023
623,F,Hyderabad,29-04-2024
624,F,Mumbai,20-10-2023
625,F,Delhi,02-11-2024
626,F,Pune,12-01-2024
627,M,Pune,26-03-2024
628,Other,Ahmedabad,14-12-2023
629,M,Jaipur,09-12-2024
630,M,Pune,01-10-2023
631,F,Bengaluru,22-03-2023
632,F,Delhi,12-07-2024
633,F,Chennai,23-03-2023
634,F,Pune,10-11-2023
635,M,Kolkata,20-06-2023
636,F,Kolkata,02-04-2024
637,Other,Chennai,21-09-2024
638,Other,Mumbai,16-10-2024
639,M,Pune,18-03-2023
640,M,Bengaluru,08-01-2024
641,F,Lucknow,01-02-2023
642,M,Mumbai,25-11-2024
643,F,Kolkata,10-05-2023
644,F,Lucknow,06-01-2024
645,M,Ahmedabad,03-02-2023
646,F,Delhi,15-01-2024
647,F,Kolkata,10-08-2024
648,F,Chennai,12-02-2024
649,Other,Mumbai,13-09-2023
650,M,Pune,10-07-2023
651,F,Chennai,29-07-2024
652,F,Lucknow,21-12-2024
653,M,Ahmedabad,20-10-2023
654,F,Delhi,24-07-2023
655,F,Ahmedabad,07-04-2024
656,M,Kolkata,31-03-2023
657,F,Delhi,14-11-2024
658,M,Chennai,17-07-2024
659,M,Bengaluru,11-06-2023
660,M,Delhi,06-01-2024
661,M,Hyderabad,25-07-2023
662,F,Jaipur,20-05-2024
663,F,Jaipur,09-08-2024
664,M,Delhi,13-05-2023
665,F,Ahmedabad,09-03-2023
666,F,Pune,22-06-2024
667,F,Kolkata,11-08-2024
668,F,Ahmedabad,19-10-2024
669,M,Bengaluru,27-11-2024
670,M,Bengaluru,18-07-2024
671,F,Mumbai,13-05-2023
672,M,Chennai,08-05-2023
673,F,Hyderabad,18-06-2023
674,M,Jaipur,21-12-2023
675,M,Chennai,18-10-2023
676,M,Jaipur,21-07-2023
677,F,Chennai,09-10-2023
678,M,Jaipur,21-09-2024
679,F,Lucknow,18-10-2024
680,F,Lucknow,07-06-2023
681,F,Lucknow,11-09-2024
682,M,Mumbai,12-02-2023
683,F,Lucknow,25-03-2023
684,M,Lucknow,29-09-2023
685,M,Mumbai,02-03-2024
686,M,Jaipur,24-05-2024
687,M,Chennai,24-10-2023
688,F,Pune,09-05-2024
689,F,Mumbai,01-11-2023
690,F,Ahmedabad,11-06-2023
691,F,Lucknow,20-04-2024
692,F,Kolkata,28-05-2023
693,Other,Bengaluru,20-12-2023
694,M,Delhi,15-01-2024
695,F,Delhi,23-11-2023
696,F,Bengaluru,01-10-2023
697,F,Pune,10-04-2023
698,F,Bengaluru,22-09-2024
699,M,Kolkata,02-12-2023
700,M,Ahmedabad,14-07-2023
701,F,Chennai,11-06-2024
702,F,Pune,24-05-2024
703,F,Hyderabad,01-06-2024
704,M,Mumbai,09-08-2023
705,F,Lucknow,21-02-2023
706,M,Chennai,31-10-2024
707,F,Delhi,03-07-2024
708,F,Chennai,17-03-2024
709,M,Kolkata,10-01-2024
710,F,Lucknow,16-02-2023
711,F,Jaipur,29-07-2024
712,F,Jaipur,23-10-2023
713,M,Chennai,06-04-2024
714,M,Delhi,30-09-2024
715,Other,Pune,12-05-2023
716,M,Kolkata,18-01-2024
717,M,Bengaluru,25-07-2024
718,M,Pune,23-07-2023
719,F,Mumbai,27-05-2024
720,M,Ahmedabad,21-05-2023
721,F,Lucknow,15-06-2024
722,F,Lucknow,11-06-2024
723,F,Lucknow,23-11-2023
724,M,Jaipur,03-11-2023
725,M,Lucknow,05-06-2024
726,F,Mumbai,03-11-2023
727,F,Delhi,13-01-2024
728,M,Mumbai,02-03-2024
729,F,Lucknow,03-09-2024
730,F,Mumbai,14-08-2024
731,M,Jaipur,20-08-2024
732,M,Pune,06-10-2024
733,M,Hyderabad,01-06-2023
734,M,Delhi,02-02-2023
735,F,Kolkata,15-07-2023
736,F,Hyderabad,04-03-2024
737,M,Lucknow,25-02-2024
738,M,Mumbai,27-04-2024
739,F,Hyderabad,23-12-2024
740,F,Ahmedabad,28-07-2024
741,F,Bengaluru,22-06-2024
742,M,Kolkata,15-04-2024
743,F,Chennai,13-07-2024
744,M,Hyderabad,16-09-2024
745,M,Hyderabad,13-10-2023
746,M,Hyderabad,01-11-2023
747,M,Kolkata,07-12-2024
748,F,Chennai,06-05-2024
749,F,Jaipur,22-10-2023
750,M,Pune,24-01-2024
751,M,Bengaluru,20-12-2023
752,F,Delhi,25-10-2023
753,M,Chennai,21-12-2023
754,F,Jaipur,05-05-2024
755,M,Chennai,05-10-2023
756,F,Lucknow,21-05-2023
757,F,Jaipur,03-09-2023
758,M,Mumbai,20-08-2023
759,F,Ahmedabad,13-04-2023
760,M,Bengaluru,13-04-2023
761,Other,Bengaluru,06-01-2023
762,M,Ahmedabad,21-02-2024
763,M,Chennai,03-05-2024
764,F,Mumbai,25-11-2023
765,M,Hyderabad,02-04-2023
766,M,Mumbai,01-07-2024
767,F,Bengaluru,29-06-2023
768,Other,Pune,07-02-2023
769,F,Chennai,22-05-2024
770,F,Lucknow,08-02-2023
771,F,Kolkata,09-09-2024
772,F,Jaipur,19-10-2023
773,M,Bengaluru,20-06-2024
774,F,Hyderabad,31-05-2024
775,F,Ahmedabad,26-04-2023
776,F,Bengaluru,25-10-2024
777,M,Chennai,15-01-2023
778,M,Hyderabad,04-08-2024
779,M,Pune,29-06-2023
780,M,Delhi,13-03-2024
781,M,Bengaluru,15-02-2024
782,F,Hyderabad,24-05-2023
783,F,Hyderabad,07-01-2023
784,M,Kolkata,02-04-2024
785,M,Lucknow,06-11-2023
786,F,Kolkata,12-01-2023
787,F,Delhi,10-12-2024
788,F,Pune,21-04-2024
789,M,Chennai,03-12-2024
790,F,Chennai,07-12-2024
791,M,Hyderabad,12-01-2024
792,F,Ahmedabad,17-05-2023
793,F,Jaipur,12-09-2024
794,M,Hyderabad,27-04-2024
795,M,Lucknow,11-09-2023
796,M,Jaipur,25-03-2023
797,F,Lucknow,21-12-2024
798,F,Jaipur,25-04-2023
799,F,Jaipur,01-06-2024
800,F,Jaipur,03-06-2023
801,F,Hyderabad,28-03-2024
802,M,Jaipur,20-08-2024
803,M,Ahmedabad,01-04-2024
804,M,Ahmedabad,16-05-2023
805,F,Ahmedabad,31-07-2024
806,M,Mumbai,19-11-2024
807,F,Mumbai,10-02-2024
808,M,Mumbai,12-08-2023
809,F,Delhi,09-03-2024
810,Other,Delhi,08-07-2024
811,F,Pune,28-04-2024
812,M,Pune,04-07-2023
813,Other,Pune,19-01-2024
814,M,Pune,04-04-2024
815,F,Jaipur,20-01-2024
816,M,Kolkata,17-05-2023
817,F,Jaipur,02-05-2023
818,M,Hyderabad,07-02-2024
819,M,Chennai,04-01-2023
820,M,Jaipur,19-04-2024
821,M,Hyderabad,10-03-2024
822,F,Bengaluru,11-09-2023
823,F,Delhi,10-10-2023
824,M,Pune,02-02-2023
825,M,Mumbai,21-09-2024
826,F,Delhi,04-09-2023
827,F,Lucknow,31-08-2024
828,M,Mumbai,19-11-2024
829,M,Pune,08-09-2023
830,F,Hyderabad,25-03-2024
831,F,Chennai,27-02-2023
832,M,Lucknow,28-08-2023
833,M,Kolkata,23-11-2023
834,F,Bengaluru,31-08-2023
835,M,Pune,07-11-2024
836,F,Jaipur,04-11-2023
837,M,Bengaluru,28-08-2024
838,M,Jaipur,03-10-2024
839,F,Kolkata,22-05-2024
840,M,Jaipur,20-10-2024
841,M,Pune,23-11-2023
842,F,Bengaluru,02-06-2023
843,F,Hyderabad,04-07-2024
844,M,Bengaluru,04-11-2023
845,M,Jaipur,19-04-2024
846,Other,Jaipur,27-02-2024
847,F,Hyderabad,26-06-2024
848,F,Delhi,19-09-2023
849,M,Delhi,05-04-2024
850,M,Hyderabad,02-07-2024
851,F,Lucknow,22-02-2023
852,F,Delhi,09-09-2024
853,M,Lucknow,12-07-2023
854,M,Ahmedabad,18-11-2024
855,M,Kolkata,02-08-2023
856,M,Mumbai,07-11-2023
857,M,Delhi,05-08-2023
858,M,Lucknow,05-05-2024
859,F,Hyderabad,21-12-2024
860,F,Chennai,19-07-2024
861,F,Kolkata,25-01-2024
862,F,Jaipur,12-11-2023
863,F,Ahmedabad,24-05-2024
864,M,Kolkata,24-11-2023
865,F,Lucknow,17-11-2023
866,M,Mumbai,15-08-2023
867,M,Lucknow,25-09-2023
868,M,Chennai,16-08-2024
869,F,Hyderabad,06-06-2023
870,M,Hyderabad,24-01-2024
871,M,Kolkata,26-05-2024
872,M,Ahmedabad,21-09-2023
873,M,Ahmedabad,19-10-2024
874,M,Kolkata,22-06-2023
875,F,Jaipur,23-06-2023
876,F,Jaipur,15-05-2024
877,M,Jaipur,19-10-2024
878,M,Delhi,04-02-2023
879,F,Mumbai,15-11-2024
880,F,Hyderabad,27-02-2024
881,M,Mumbai,11-03-2023
882,M,Kolkata,12-08-2023
883,M,Lucknow,03-03-2023
884,M,Mumbai,09-05-2024
885,M,Pune,07-01-2023
886,F,Chennai,13-01-2023
887,Other,Mumbai,02-07-2024
888,M,Pune,29-05-2024
889,F,Delhi,03-07-2023
890,F,Hyderabad,20-06-2024
891,M,Kolkata,26-09-2024
892,M,Delhi,01-10-2023
893,M,Ahmedabad,18-01-2024
894,F,Hyderabad,01-08-2024
895,M,Delhi,04-11-2023
896,Other,Mumbai,31-10-2024
897,F,Pune,06-04-2023
898,F,Mumbai,19-07-2024
899,F,Ahmedabad,20-12-2024
900,M,Kolkata,20-03-2024
901,Other,Delhi,02-08-2024
902,M,Hyderabad,24-06-2024
903,M,Lucknow,05-08-2023
904,F,Delhi,01-05-2024
905,M,Jaipur,01-12-2024
906,M,Bengaluru,31-07-2024
907,F,Hyderabad,19-11-2023
908,F,Pune,24-08-2024
909,F,Lucknow,20-03-2023
910,M,Pune,04-09-2023
911,M,Kolkata,24-11-2024
912,M,Bengaluru,29-01-2024
913,M,Jaipur,06-12-2024
914,F,Pune,21-12-2023
915,M,Kolkata,26-08-2023
916,M,Lucknow,11-09-2024
917,Other,Kolkata,11-02-2024
918,M,Ahmedabad,31-01-2023
919,F,Jaipur,17-05-2024
920,F,Lucknow,20-01-2024
921,F,Lucknow,07-11-2024
922,M,Delhi,30-10-2023
923,F,Pune,26-03-2023
924,M,Bengaluru,29-12-2024
925,F,Delhi,03-02-2024
926,F,Chennai,04-04-2023
927,F,Chennai,31-03-2024
928,F,Bengaluru,15-04-2023
929,F,Jaipur,17-03-2024
930,F,Mumbai,08-06-2024
931,F,Delhi,02-04-2023
932,M,Kolkata,03-09-2024
933,F,Pune,30-01-2024
934,M,Jaipur,02-02-2024
935,M,Bengaluru,06-09-2023
936,F,Bengaluru,02-12-2024
937,F,Ahmedabad,03-10-2023
938,F,Pune,30-05-2023
939,F,Ahmedabad,10-10-2023
940,F,Hyderabad,20-03-2023
941,M,Lucknow,02-10-2024
942,F,Bengaluru,20-07-2023
943,F,Pune,08-11-2023
944,M,Pune,07-12-2023
945,F,Pune,04-12-2023
946,Other,Bengaluru,28-10-2024
947,F,Hyderabad,04-11-2023
948,F,Pune,05-05-2024
949,F,Ahmedabad,23-11-2023
950,M,Kolkata,12-08-2024
951,F,Pune,21-01-2024
952,F,Lucknow,09-01-2024
953,M,Jaipur,24-07-2023
954,M,Jaipur,04-07-2023
955,M,Ahmedabad,28-01-2023
956,F,Chennai,26-12-2024
957,F,Pune,10-12-2024
958,M,Chennai,20-11-2024
959,F,Bengaluru,05-09-2023
960,M,Delhi,09-03-2024
961,Other,Ahmedabad,04-04-2024
962,F,Jaipur,19-08-2024
963,F,Mumbai,09-12-2024
964,M,Jaipur,04-01-2024
965,M,Delhi,31-08-2024
966,M,Kolkata,22-04-2023
967,M,Mumbai,20-06-2023
968,Other,Pune,30-07-2024
969,Other,Pune,06-12-2023
970,F,Chennai,19-04-2023
971,M,Jaipur,16-08-2023
972,M,Lucknow,25-07-2024
973,F,Pune,15-08-2023
974,M,Lucknow,19-04-2024
975,M,Kolkata,08-12-2024
976,M,Chennai,26-01-2023
977,M,Delhi,01-03-2024
978,M,Bengaluru,29-04-2023
979,F,Ahmedabad,23-12-2023
980,M,Kolkata,31-07-2023
981,F,Ahmedabad,02-05-2024
982,F,Mumbai,23-11-2023
983,F,Kolkata,28-12-2024
984,F,Bengaluru,25-10-2024
985,M,Jaipur,07-09-2023
986,F,Pune,13-06-2023
987,F,Pune,18-04-2024
988,F,Pune,06-10-2024
989,F,Lucknow,10-02-2024
990,F,Pune,22-07-2023
991,F,Hyderabad,03-02-2024
992,F,Delhi,30-07-2023
993,F,Jaipur,14-08-2024
994,F,Hyderabad,11-07-2023
995,F,Ahmedabad,13-04-2024
996,Other,Kolkata,24-06-2024
997,F,Pune,03-09-2024
998,F,Kolkata,24-08-2024
999,M,Chennai,13-04-2024
1000,M,Bengaluru,21-09-2024
1001,F,Chennai,17-11-2023
1002,F,Bengaluru,30-04-2023
1003,F,Lucknow,07-06-2024
1004,M,Pune,22-05-2023
1005,M,Jaipur,10-07-2023
1006,M,Bengaluru,11-12-2024
1007,F,Chennai,22-07-2024
1008,F,Ahmedabad,24-05-2023
1009,F,Kolkata,26-09-2024
1010,M,Hyderabad,10-01-2023
1011,Other,Jaipur,29-01-2024
1012,M,Ahmedabad,30-10-2024
1013,M,Ahmedabad,01-03-2024
1014,F,Lucknow,15-05-2024
1015,M,Hyderabad,01-02-2023
1016,F,Hyderabad,27-10-2023
1017,F,Ahmedabad,04-07-2024
1018,M,Ahmedabad,02-08-2024
1019,M,Lucknow,16-07-2024
1020,F,Jaipur,27-04-2023
1021,M,Mumbai,11-01-2024
1022,M,Pune,27-03-2024
1023,M,Hyderabad,15-04-2023
1024,M,Mumbai,01-11-2023
1025,F,Delhi,05-04-2024
1026,M,Delhi,25-03-2024
1027,F,Lucknow,31-08-2023
1028,F,Lucknow,06-12-2024
1029,F,Lucknow,09-10-2024
1030,M,Hyderabad,23-05-2023
1031,M,Jaipur,02-03-2023
1032,M,Bengaluru,15-10-2023
1033,Other,Chennai,28-11-2023
1034,M,Jaipur,24-10-2023
1035,M,Bengaluru,26-11-2024
1036,M,Chennai,26-02-2024
1037,F,Bengaluru,02-11-2024
1038,F,Kolkata,13-09-2023
1039,M,Pune,11-09-2023
1040,F,Chennai,16-05-2024
1041,F,Ahmedabad,04-10-2024
1042,M,Delhi,19-03-2023
1043,M,Chennai,17-02-2024
1044,M,Kolkata,12-12-2024
1045,M,Kolkata,10-04-2024
1046,F,Delhi,18-08-2024
1047,M,Kolkata,14-04-2024
1048,M,Pune,06-03-2023
1049,Other,Hyderabad,12-08-2023
1050,F,Chennai,21-05-2024
1051,M,Bengaluru,12-12-2023
1052,M,Kolkata,02-08-2024
1053,M,Mumbai,29-11-2024
1054,M,Ahmedabad,12-04-2023
1055,F,Bengaluru,17-01-2023
1056,F,Pune,27-03-2024
1057,Other,Bengaluru,27-07-2023
1058,F,Chennai,27-10-2024
1059,M,Chennai,06-04-2023
1060,F,Bengaluru,26-03-2023
1061,F,Chennai,23-02-2023
1062,M,Pune,17-12-2024
1063,F,Delhi,02-11-2024
1064,F,Delhi,02-01-2023
1065,M,Jaipur,16-05-2023
1066,F,Mumbai,27-11-2024
1067,F,Delhi,13-12-2024
1068,M,Ahmedabad,08-03-2024
1069,F,Delhi,14-03-2023
1070,F,Kolkata,15-04-2023
1071,F,Bengaluru,03-11-2023
1072,Other,Bengaluru,18-10-2024
1073,M,Mumbai,12-03-2023
1074,M,Ahmedabad,16-09-2024
1075,M,Bengaluru,26-12-2023
1076,M,Ahmedabad,26-02-2024
1077,F,Delhi,11-08-2023
1078,M,Lucknow,24-05-2023
1079,F,Pune,29-01-2024
1080,M,Hyderabad,19-11-2023
1081,M,Hyderabad,11-10-2023
1082,M,Lucknow,20-07-2024
1083,M,Mumbai,19-10-2023
1084,M,Hyderabad,05-11-2024
1085,M,Hyderabad,14-06-2024
1086,F,Mumbai,06-02-2024
1087,M,Delhi,03-09-2023
1088,M,Lucknow,04-09-2023
1089,M,Mumbai,14-03-2023
1090,M,Bengaluru,05-01-2024
1091,M,Lucknow,01-02-2024
1092,F,Bengaluru,06-03-2024
1093,M,Delhi,27-04-2024
1094,M,Mumbai,18-01-2023
1095,F,Mumbai,26-09-2023
1096,M,Jaipur,12-02-2024
1097,F,Pune,01-03-2024
1098,M,Jaipur,26-03-2023
1099,F,Delhi,22-09-2024
1100,F,Hyderabad,14-11-2023
